{"cameraMode":{"drawMode":0,"name":"Shaded","section":"Shading Mode"},"sceneLighting":false,"audioPlay":false,"sceneViewState":{"m_AlwaysRefresh":false,"showFog":true,"showSkybox":false,"showFlares":true,"showImageEffects":true,"showParticleSystems":true,"showVisualEffectGraphs":true,"m_FxEnabled":true},"in2DMode":false,"pivot":{"x":3.8058347702026369,"y":1.3006149530410767,"z":-1.2591619491577149},"rotation":{"x":0.18137788772583009,"y":-0.6292402744293213,"z":0.1541297286748886,"w":0.7399682402610779},"size":1.7778103351593018,"orthographic":false}